name,email,password
Atticus Frost,atticus.frost57@gmail.com,ayWhT3i4YW1
Aurora Moonstone,aurora.moonstone32@gmail.com,GWmduPt
Seraphina Firestone,seraphina.firestone91@gmail.com,E702781zcvvHzcs
Isadora Silverstone,isadora.silverstone60@gmail.com,XitX84uaY
Silas Ashbourne,silas.ashbourne63@gmail.com,wI8vKbu6kV6Jf
Dante Ashbourne,dante.ashbourne22@gmail.com,IYF53LiUTNDb
Ember Ironheart,ember.ironheart47@gmail.com,RZR6K2xXV
Ezekiel Wilde,ezekiel.wilde91@gmail.com,AO2pr73YqdZ58p4
Darius Nightingale,darius.nightingale30@gmail.com,3vLqfHkU
Selene Ashbourne,selene.ashbourne58@gmail.com,YAWP89Aj5ZTUTOC
Selene Evergreen,selene.evergreen21@gmail.com,f3SoowJA8Ja
Lyra Ironheart,lyra.ironheart92@gmail.com,UILqUHY6w4LZ0i
Silas Evergreen,silas.evergreen41@gmail.com,C8o51VinQ
Atticus Hawthorne,atticus.hawthorne20@gmail.com,QT1tqq4M
Xavier Riversong,xavier.riversong74@gmail.com,yXo9Kj5FWZOwFi
Darius Stonehaven,darius.stonehaven6@gmail.com,98MM2uff
Kieran Hawthorne,kieran.hawthorne47@gmail.com,2gXuMJ2KPyhqucy
Ezekiel Riversong,ezekiel.riversong49@gmail.com,768JXWBPzqQcSd
Thaddeus Whitewood,thaddeus.whitewood20@gmail.com,cwcql5BN7
Thaddeus Ashbourne,thaddeus.ashbourne3@gmail.com,YHrorlgna
Isadora Moonstone,isadora.moonstone42@gmail.com,0BRrhTFyc
Seraphina Blackwood,seraphina.blackwood38@gmail.com,UmbsfCH
Nova Stormborn,nova.stormborn57@gmail.com,51HQEvlgms28
Silas Winterbourne,silas.winterbourne22@gmail.com,gLTNbuFK
Phoenix Frost,phoenix.frost58@gmail.com,OKEQik
Ember Winterbourne,ember.winterbourne5@gmail.com,magM9CMIsyO
Lyra Ashbourne,lyra.ashbourne54@gmail.com,cdHcbPQQHDQTX
Nova Silverstone,nova.silverstone12@gmail.com,M31fasydtnXr9z8
Celeste Summersong,celeste.summersong40@gmail.com,rRDYJNmr8A
Luna Firestone,luna.firestone34@gmail.com,FPT2H5AtdvEZ
